{
  "config": {
    "dataset": "MNIST",
    "num_samples": 30000,
    "epochs": 10,
    "layer_sizes": [
      784,
      512,
      256,
      10
    ],
    "total_params": 535818,
    "lr": 0.1,
    "momentum": 0.9,
    "strategy": "threading",
    "default_batch": 1024,
    "seed": 42
  },
  "experiment1": {
    "sequential": {
      "total_time": 50.13050293922424,
      "final_train_loss": 0.05971674392462617,
      "final_test_acc": 0.9582222222222222,
      "epoch_times": [
        3.0066850185394287,
        3.1134893894195557,
        2.9661455154418945,
        3.3263471126556396,
        2.8666930198669434,
        4.540597677230835,
        2.9105513095855713,
        2.7394609451293945,
        2.753744602203369,
        2.8923206329345703
      ],
      "train_loss": [
        0.8533616383750264,
        0.3101424994097048,
        0.217315281936615,
        0.1660968223999922,
        0.13659230053269153,
        0.11139525194683522,
        0.0977507165281282,
        0.08033534252235969,
        0.07026522704578225,
        0.05971674392462617
      ],
      "test_acc": [
        0.8793333333333333,
        0.9242222222222222,
        0.9382222222222222,
        0.9433333333333334,
        0.9511111111111111,
        0.9508888888888889,
        0.9575555555555556,
        0.9571111111111111,
        0.9602222222222222,
        0.9582222222222222
      ]
    },
    "parallel": {
      "2": {
        "total_time": 38.21779537200928,
        "speedup": 1.3117057760987394,
        "efficiency": 0.6558528880493697,
        "final_train_loss": 0.06342269298792433,
        "final_test_acc": 0.9575555555555556,
        "avg_comm_time": 0.137168550491333,
        "avg_comm_pct": 6.865955356780875,
        "epoch_times": [
          2.1593239307403564,
          1.9739017486572266,
          1.9795944690704346,
          1.7677998542785645,
          1.993504285812378,
          1.7954375743865967,
          2.3982162475585938,
          1.9284107685089111,
          2.013493776321411,
          1.955402135848999
        ],
        "train_loss": [
          0.8487727740154406,
          0.31272117923442083,
          0.2145873567621296,
          0.1651850315986366,
          0.13650941368097694,
          0.11253677336038612,
          0.09689620413852101,
          0.08308273290192324,
          0.0732828861535356,
          0.06342269298792433
        ],
        "test_acc": [
          0.8844444444444445,
          0.9255555555555556,
          0.9375555555555556,
          0.9437777777777778,
          0.9477777777777778,
          0.9517777777777777,
          0.9548888888888889,
          0.9546666666666667,
          0.9571111111111111,
          0.9575555555555556
        ]
      },
      "4": {
        "total_time": 33.884984254837036,
        "speedup": 1.4794312006229775,
        "efficiency": 0.3698578001557444,
        "final_train_loss": 0.058129561712145277,
        "final_test_acc": 0.9577777777777777,
        "avg_comm_time": 0.23885757923126222,
        "avg_comm_pct": 14.698198426087306,
        "epoch_times": [
          1.8995752334594727,
          1.588334083557129,
          1.661879062652588,
          1.6861777305603027,
          1.5938620567321777,
          1.8625683784484863,
          1.565692663192749,
          1.470918893814087,
          1.4708027839660645,
          1.4532334804534912
        ],
        "train_loss": [
          0.8442959138290124,
          0.31063124978140316,
          0.22092628972460626,
          0.16571629371949556,
          0.1366837537673134,
          0.11564702197486251,
          0.09713562861761794,
          0.08228970020655998,
          0.06923173879070361,
          0.058129561712145277
        ],
        "test_acc": [
          0.8864444444444445,
          0.9157777777777778,
          0.9384444444444444,
          0.9455555555555556,
          0.9482222222222222,
          0.9497777777777778,
          0.9548888888888889,
          0.9557777777777777,
          0.9571111111111111,
          0.9577777777777777
        ]
      },
      "8": {
        "total_time": 39.5194296836853,
        "speedup": 1.2685026919788642,
        "efficiency": 0.15856283649735803,
        "final_train_loss": 0.06006505351531922,
        "final_test_acc": 0.9597777777777777,
        "avg_comm_time": 0.6136654376983642,
        "avg_comm_pct": 28.146641704196167,
        "epoch_times": [
          2.1496191024780273,
          1.638380527496338,
          1.8419547080993652,
          1.6280319690704346,
          2.3613643646240234,
          2.116183042526245,
          2.1374878883361816,
          2.480638027191162,
          2.765568256378174,
          2.4432260990142822
        ],
        "train_loss": [
          0.8688777898466465,
          0.3286161699930823,
          0.20742038914348648,
          0.16162483176511608,
          0.13396446452965427,
          0.11162258978503516,
          0.09441821137872741,
          0.08049080755858079,
          0.0695194318039375,
          0.06006505351531922
        ],
        "test_acc": [
          0.8733333333333333,
          0.9235555555555556,
          0.9388888888888889,
          0.9451111111111111,
          0.9477777777777778,
          0.9531111111111111,
          0.9573333333333334,
          0.9568888888888889,
          0.9597777777777777,
          0.9597777777777777
        ]
      }
    }
  },
  "experiment2": {
    "256": {
      "seq_time": 56.35011887550354,
      "seq_acc": 0.9677777777777777,
      "par_2_time": 52.23855686187744,
      "par_2_acc": 0.97,
      "par_2_speedup": 1.0787074195885114,
      "par_4_time": 67.44162034988403,
      "par_4_acc": 0.9686666666666667,
      "par_4_speedup": 0.835539220190169
    },
    "512": {
      "seq_time": 49.9792423248291,
      "seq_acc": 0.9635555555555556,
      "par_2_time": 41.535555601119995,
      "par_2_acc": 0.964,
      "par_2_speedup": 1.2032881612273756,
      "par_4_time": 39.34756112098694,
      "par_4_acc": 0.9644444444444444,
      "par_4_speedup": 1.270199242366041
    },
    "1024": {
      "seq_time": 48.398491859436035,
      "seq_acc": 0.9602222222222222,
      "par_2_time": 37.936155557632446,
      "par_2_acc": 0.9577777777777777,
      "par_2_speedup": 1.2757879955945788,
      "par_4_time": 35.53462219238281,
      "par_4_acc": 0.9602222222222222,
      "par_4_speedup": 1.3620094677638284
    }
  }
}